{"cameraMode":{"drawMode":0,"name":"Shaded","section":"Shading Mode"},"sceneLighting":true,"audioPlay":false,"sceneViewState":{"m_AlwaysRefresh":false,"showFog":false,"showSkybox":true,"showFlares":true,"showImageEffects":true,"showParticleSystems":true,"showVisualEffectGraphs":true,"m_FxEnabled":true},"in2DMode":false,"pivot":{"x":4.769647121429443,"y":1.3535373210906983,"z":15.097437858581543},"rotation":{"x":0.055783711373806,"y":-0.012339995242655278,"z":0.0007270677015185356,"w":0.9985209107398987},"size":0.8660253882408142,"orthographic":false}