{"cameraMode":{"drawMode":0,"name":"Shaded","section":"Shading Mode"},"sceneLighting":true,"audioPlay":false,"sceneViewState":{"m_AlwaysRefresh":false,"showFog":false,"showSkybox":true,"showFlares":true,"showImageEffects":true,"showParticleSystems":true,"showVisualEffectGraphs":true,"m_FxEnabled":true},"in2DMode":false,"pivot":{"x":20.482593536376954,"y":13.375580787658692,"z":6.1650238037109379},"rotation":{"x":0.20332473516464234,"y":0.06368723511695862,"z":0.013255516067147255,"w":-0.9769625067710877},"size":12.12435531616211,"orthographic":false}