{"cameraMode":{"drawMode":0,"name":"Shaded","section":"Shading Mode"},"sceneLighting":true,"audioPlay":false,"sceneViewState":{"m_AlwaysRefresh":false,"showFog":false,"showSkybox":true,"showFlares":true,"showImageEffects":true,"showParticleSystems":true,"showVisualEffectGraphs":true,"m_FxEnabled":true},"in2DMode":false,"pivot":{"x":0.42816150188446047,"y":3.6678178310394289,"z":-5.188933372497559},"rotation":{"x":0.0961453914642334,"y":0.025028567761182786,"z":-0.002380513120442629,"w":0.9952049851417542},"size":0.949999988079071,"orthographic":false}