{"cameraMode":{"drawMode":0,"name":"Shaded","section":"Shading Mode"},"sceneLighting":true,"audioPlay":false,"sceneViewState":{"m_AlwaysRefresh":false,"showFog":false,"showSkybox":true,"showFlares":true,"showImageEffects":true,"showParticleSystems":true,"showVisualEffectGraphs":true,"m_FxEnabled":true},"in2DMode":false,"pivot":{"x":4.769647121429443,"y":1.3535373210906983,"z":15.097437858581543},"rotation":{"x":0.04500222206115723,"y":0.1133071556687355,"z":-0.005169513635337353,"w":0.9926519393920898},"size":12.12435531616211,"orthographic":false}