{"cameraMode":{"drawMode":0,"name":"Shaded","section":"Shading Mode"},"sceneLighting":true,"audioPlay":false,"sceneViewState":{"m_AlwaysRefresh":false,"showFog":false,"showSkybox":true,"showFlares":true,"showImageEffects":true,"showParticleSystems":true,"showVisualEffectGraphs":true,"m_FxEnabled":true},"in2DMode":false,"pivot":{"x":-0.012647399678826332,"y":6.303214073181152,"z":-10.034485816955567},"rotation":{"x":0.08679661154747009,"y":0.09813356399536133,"z":-0.00849592499434948,"w":0.991504430770874},"size":0.8660253882408142,"orthographic":false}